{
  "simulationId": "t20-phase1-L16-N2000-1782350971778",
  "parameters": {
    "L": 16,
    "thermalSweeps": 200,
    "measureSweeps": 2000,
    "measureEvery": 10,
    "binSize": 10
  },
  "completed": [
    0.1,
    0.4,
    0.3,
    0.2
  ],
  "results": [
    {
      "beta": 0.1,
      "meanPlaquette": 0.102734375,
      "errorPlaquette": 0.00568433729480275,
      "numMeasurements": 200,
      "wallTimeMs": 52797
    },
    {
      "beta": 0.4,
      "meanPlaquette": 0.37582031250000003,
      "errorPlaquette": 0.0036934099572697005,
      "numMeasurements": 200,
      "wallTimeMs": 52819
    },
    {
      "beta": 0.3,
      "meanPlaquette": 0.29660156249999997,
      "errorPlaquette": 0.005094474881320534,
      "numMeasurements": 200,
      "wallTimeMs": 52839
    },
    {
      "beta": 0.2,
      "meanPlaquette": 0.19734375,
      "errorPlaquette": 0.003977314112481204,
      "numMeasurements": 200,
      "wallTimeMs": 52845
    }
  ],
  "timestamp": "2026-06-25T01:30:25.279Z",
  "version": "1.0"
}