{
  "simulationId": "t20-phase1-L16-N2000-1782351201898",
  "parameters": {
    "L": 16,
    "thermalSweeps": 200,
    "measureSweeps": 2000,
    "measureEvery": 10,
    "binSize": 10
  },
  "completed": [
    0.1,
    0.2,
    0.4,
    0.3
  ],
  "results": [
    {
      "beta": 0.1,
      "meanPlaquette": 0.10359375,
      "errorPlaquette": 0.004445291181962573,
      "numMeasurements": 200,
      "wallTimeMs": 52880
    },
    {
      "beta": 0.2,
      "meanPlaquette": 0.19980468749999997,
      "errorPlaquette": 0.00407405799863903,
      "numMeasurements": 200,
      "wallTimeMs": 52961
    },
    {
      "beta": 0.4,
      "meanPlaquette": 0.37855468750000004,
      "errorPlaquette": 0.004289757487313142,
      "numMeasurements": 200,
      "wallTimeMs": 52975
    },
    {
      "beta": 0.3,
      "meanPlaquette": 0.29265624999999995,
      "errorPlaquette": 0.004947361176112767,
      "numMeasurements": 200,
      "wallTimeMs": 53202
    }
  ],
  "timestamp": "2026-06-25T01:34:15.714Z",
  "version": "1.0"
}