{
  "simulationId": "t20-phase1-L16-N2000-1782351115622",
  "parameters": {
    "L": 16,
    "thermalSweeps": 200,
    "measureSweeps": 2000,
    "measureEvery": 10,
    "binSize": 10
  },
  "completed": [
    0.1,
    0.3,
    0.4,
    0.2
  ],
  "results": [
    {
      "beta": 0.1,
      "meanPlaquette": 0.1015234375,
      "errorPlaquette": 0.0057237525192772466,
      "numMeasurements": 200,
      "wallTimeMs": 53624
    },
    {
      "beta": 0.3,
      "meanPlaquette": 0.2903515625,
      "errorPlaquette": 0.003941157758943407,
      "numMeasurements": 200,
      "wallTimeMs": 53637
    },
    {
      "beta": 0.4,
      "meanPlaquette": 0.37515624999999997,
      "errorPlaquette": 0.004704464914480587,
      "numMeasurements": 200,
      "wallTimeMs": 53643
    },
    {
      "beta": 0.2,
      "meanPlaquette": 0.19179687500000003,
      "errorPlaquette": 0.0048347552839236516,
      "numMeasurements": 200,
      "wallTimeMs": 53667
    }
  ],
  "timestamp": "2026-06-25T01:32:49.899Z",
  "version": "1.0"
}