{
  "n_runs": 3,
  "L": 8,
  "betas": [
    0.76
  ],
  "observables": {
    "meanPlaquette": {
      "mean": 0.9509461805555554,
      "std": 0.0017469442826071363,
      "stderr": 0.001008598751822508,
      "variance": 3.0518143265337623e-06,
      "min": 0.9490624999999997,
      "max": 0.9525130208333331,
      "jackknife_error": 0.0010085987518224791,
      "values": [
        0.9525130208333331,
        0.9490624999999997,
        0.9512630208333333
      ],
      "n": 3
    },
    "susceptibility": {
      "mean": 0.2742684745372647,
      "std": 0.05675925365829834,
      "stderr": 0.032769970378620804,
      "variance": 0.0032216128758470537,
      "min": 0.21670496180607188,
      "max": 0.3301877395833094,
      "jackknife_error": 0.03276997037862079,
      "values": [
        0.21670496180607188,
        0.27591272222241287,
        0.3301877395833094
      ],
      "n": 3
    },
    "specificHeat": {
      "mean": 0.2084440406483212,
      "std": 0.04313703278030676,
      "stderr": 0.024905177487751822,
      "variance": 0.00186080359708926,
      "min": 0.16469577097261462,
      "max": 0.25094268208331516,
      "jackknife_error": 0.02490517748775182,
      "values": [
        0.16469577097261462,
        0.2096936688890338,
        0.25094268208331516
      ],
      "n": 3
    },
    "binderCumulant": {
      "mean": 0.6656661249160751,
      "std": 0.0001945393087314111,
      "stderr": 0.00011231732226404392,
      "variance": 3.7845542641695286e-08,
      "min": 0.6654779429600838,
      "max": 0.6658664524519082,
      "jackknife_error": 0.00011231732226407693,
      "values": [
        0.6658664524519082,
        0.6656539793362332,
        0.6654779429600838
      ],
      "n": 3
    },
    "errorPlaquette": {
      "mean": 0.001870466386222347,
      "std": 0.00019584457858399832,
      "stderr": 0.00011307092016480024,
      "variance": 3.835509896074389e-08,
      "min": 0.0016686976455940186,
      "max": 0.002059793565400136,
      "jackknife_error": 0.00011307092016480037,
      "values": [
        0.0016686976455940186,
        0.0018829079476728862,
        0.002059793565400136
      ],
      "n": 3
    }
  },
  "peak_analysis": null
}